INSERT INTO companies (company_name, industry, website, city, state, notes) VALUES
('TechNova Inc.', 'Software', 'https://technova.com', 'San Francisco', 'CA', 'AI startup'),
('HealthBridge', 'Healthcare', 'https://healthbridge.org', 'Boston', 'MA', 'Nonprofit'),
('FinEdge Solutions', 'Finance', 'https://finedge.com', 'New York', 'NY', 'Fintech'),
('GreenGrid LLC', 'Energy', 'https://greengrid.io', 'Austin', 'TX', 'Renewables'),
('CloudPeak', 'Cloud Computing', 'https://cloudpeak.io', 'Seattle', 'WA', 'Cloud infra'),
('DataNest', 'Analytics', 'https://datanest.ai', 'Chicago', 'IL', 'Data platform'),
('SecureNet', 'Cybersecurity', 'https://securenet.com', 'Arlington', 'VA', 'Security firm'),
('EduSmart', 'Education', 'https://edusmart.org', 'Denver', 'CO', 'EdTech'),
('RetailFlow', 'Retail', 'https://retailflow.com', 'Atlanta', 'GA', 'E-commerce'),
('AutoDrive', 'Automotive', 'https://autodrive.ai', 'Detroit', 'MI', 'Autonomous vehicles'),
('BioCore', 'Biotech', 'https://biocore.com', 'San Diego', 'CA', 'Biotech'),
('MediaSpark', 'Media', 'https://mediaspark.tv', 'Los Angeles', 'CA', 'Streaming'),
('LogiChain', 'Logistics', 'https://logichain.com', 'Memphis', 'TN', 'Supply chain'),
('TravelLite', 'Travel', 'https://travellite.com', 'Orlando', 'FL', 'Travel booking'),
('AgriTechX', 'Agriculture', 'https://agritechx.com', 'Des Moines', 'IA', 'Agri analytics'),
('FoodFusion', 'Food', 'https://foodfusion.com', 'Dallas', 'TX', 'Food delivery'),
('GameForge', 'Gaming', 'https://gameforge.io', 'San Jose', 'CA', 'Game dev'),
('AdSphere', 'Advertising', 'https://adsphere.com', 'New York', 'NY', 'AdTech'),
('LegalEase', 'Legal', 'https://legalease.com', 'Washington', 'DC', 'Legal SaaS'),
('BuildRight', 'Construction', 'https://buildright.com', 'Phoenix', 'AZ', 'Construction tech'),
('Oceanic', 'Marine', 'https://oceanic.com', 'Miami', 'FL', 'Marine data'),
('SkyNetics', 'Aerospace', 'https://skynetics.com', 'Houston', 'TX', 'Aerospace'),
('FitLife', 'Fitness', 'https://fitlife.com', 'San Diego', 'CA', 'Fitness apps'),
('PetCare Plus', 'Pet Care', 'https://petcare.com', 'Portland', 'OR', 'Pet services'),
('CleanEarth', 'Environment', 'https://cleanearth.org', 'Boulder', 'CO', 'Sustainability');

INSERT INTO jobs (company_id, job_title, job_type, salary_min, salary_max, date_posted, requirements) VALUES
(1,'Software Engineer','Full-time',90000,120000,'2026-02-01',JSON_OBJECT('skills',JSON_ARRAY('Python','SQL'))),
(2,'Data Analyst','Full-time',60000,80000,'2026-02-02',JSON_OBJECT('skills',JSON_ARRAY('Excel','SQL'))),
(3,'Backend Developer','Contract',80000,110000,'2026-02-03',JSON_OBJECT('skills',JSON_ARRAY('Node.js'))),
(4,'Project Manager','Full-time',70000,95000,'2026-02-04',JSON_OBJECT('skills',JSON_ARRAY('Agile'))),
(5,'Cloud Engineer','Full-time',100000,130000,'2026-02-05',JSON_OBJECT('skills',JSON_ARRAY('AWS'))),
(6,'Data Scientist','Full-time',95000,140000,'2026-02-06',JSON_OBJECT('skills',JSON_ARRAY('ML'))),
(7,'Security Analyst','Full-time',85000,110000,'2026-02-07',JSON_OBJECT('skills',JSON_ARRAY('Security'))),
(8,'UX Designer','Part-time',50000,70000,'2026-02-08',JSON_OBJECT('skills',JSON_ARRAY('Figma'))),
(9,'Frontend Dev','Full-time',85000,115000,'2026-02-09',JSON_OBJECT('skills',JSON_ARRAY('React'))),
(10,'AI Engineer','Full-time',110000,150000,'2026-02-10',JSON_OBJECT('skills',JSON_ARRAY('AI'))),
(11,'Lab Tech','Full-time',50000,65000,'2026-02-11',JSON_OBJECT('skills',JSON_ARRAY('Biology'))),
(12,'Video Editor','Contract',40000,60000,'2026-02-12',JSON_OBJECT('skills',JSON_ARRAY('Editing'))),
(13,'Logistics Analyst','Full-time',60000,85000,'2026-02-13',JSON_OBJECT('skills',JSON_ARRAY('Supply Chain'))),
(14,'Travel Agent','Part-time',40000,55000,'2026-02-14',JSON_OBJECT('skills',JSON_ARRAY('Sales'))),
(15,'Agri Analyst','Full-time',65000,90000,'2026-02-15',JSON_OBJECT('skills',JSON_ARRAY('Agriculture'))),
(16,'Delivery Manager','Full-time',60000,85000,'2026-02-16',JSON_OBJECT('skills',JSON_ARRAY('Ops'))),
(17,'Game Developer','Full-time',95000,130000,'2026-02-17',JSON_OBJECT('skills',JSON_ARRAY('Unity'))),
(18,'Marketing Analyst','Full-time',65000,90000,'2026-02-18',JSON_OBJECT('skills',JSON_ARRAY('SEO'))),
(19,'Legal Assistant','Full-time',50000,70000,'2026-02-19',JSON_OBJECT('skills',JSON_ARRAY('Legal'))),
(20,'Site Manager','Full-time',70000,95000,'2026-02-20',JSON_OBJECT('skills',JSON_ARRAY('Construction'))),
(21,'Marine Analyst','Full-time',65000,90000,'2026-02-21',JSON_OBJECT('skills',JSON_ARRAY('Ocean'))),
(22,'Aerospace Eng','Full-time',100000,140000,'2026-02-22',JSON_OBJECT('skills',JSON_ARRAY('Aerospace'))),
(23,'Fitness Coach','Part-time',40000,60000,'2026-02-23',JSON_OBJECT('skills',JSON_ARRAY('Fitness'))),
(24,'Vet Assistant','Full-time',45000,65000,'2026-02-24',JSON_OBJECT('skills',JSON_ARRAY('Animals'))),
(25,'Env Scientist','Full-time',70000,100000,'2026-02-25',JSON_OBJECT('skills',JSON_ARRAY('Environment')));

INSERT INTO applications (job_id, application_date, status, resume_version, cover_letter_sent, interview_data) VALUES
(1,'2026-03-01','Applied','v1',TRUE,JSON_OBJECT('response_date',NULL,'interview_date',NULL)),
(2,'2026-03-02','Screening','v1',FALSE,JSON_OBJECT('response_date','2026-03-05','interview_date',NULL)),
(3,'2026-03-03','Rejected','v2',TRUE,JSON_OBJECT('response_date','2026-03-06','interview_date',NULL)),
(4,'2026-03-04','Interview','v2',TRUE,JSON_OBJECT('response_date','2026-03-07','interview_date','2026-03-10')),
(5,'2026-03-05','Offer','v3',TRUE,JSON_OBJECT('response_date','2026-03-08','interview_date','2026-03-12')),

(6,'2026-03-06','Applied','v1',FALSE,JSON_OBJECT('response_date',NULL,'interview_date',NULL)),
(7,'2026-03-07','Screening','v1',TRUE,JSON_OBJECT('response_date','2026-03-09','interview_date',NULL)),
(8,'2026-03-08','Interview','v2',TRUE,JSON_OBJECT('response_date','2026-03-10','interview_date','2026-03-14')),
(9,'2026-03-09','Rejected','v2',FALSE,JSON_OBJECT('response_date','2026-03-11','interview_date',NULL)),
(10,'2026-03-10','Offer','v3',TRUE,JSON_OBJECT('response_date','2026-03-12','interview_date','2026-03-16')),

(11,'2026-03-11','Applied','v1',TRUE,JSON_OBJECT('response_date',NULL,'interview_date',NULL)),
(12,'2026-03-12','Screening','v1',FALSE,JSON_OBJECT('response_date','2026-03-14','interview_date',NULL)),
(13,'2026-03-13','Interview','v2',TRUE,JSON_OBJECT('response_date','2026-03-15','interview_date','2026-03-18')),
(14,'2026-03-14','Rejected','v2',TRUE,JSON_OBJECT('response_date','2026-03-16','interview_date',NULL)),
(15,'2026-03-15','Offer','v3',TRUE,JSON_OBJECT('response_date','2026-03-17','interview_date','2026-03-20')),

(16,'2026-03-16','Applied','v1',FALSE,JSON_OBJECT('response_date',NULL,'interview_date',NULL)),
(17,'2026-03-17','Screening','v1',TRUE,JSON_OBJECT('response_date','2026-03-19','interview_date',NULL)),
(18,'2026-03-18','Interview','v2',TRUE,JSON_OBJECT('response_date','2026-03-20','interview_date','2026-03-23')),
(19,'2026-03-19','Rejected','v2',FALSE,JSON_OBJECT('response_date','2026-03-21','interview_date',NULL)),
(20,'2026-03-20','Offer','v3',TRUE,JSON_OBJECT('response_date','2026-03-22','interview_date','2026-03-25')),

(21,'2026-03-21','Applied','v1',TRUE,JSON_OBJECT('response_date',NULL,'interview_date',NULL)),
(22,'2026-03-22','Screening','v1',FALSE,JSON_OBJECT('response_date','2026-03-24','interview_date',NULL)),
(23,'2026-03-23','Interview','v2',TRUE,JSON_OBJECT('response_date','2026-03-25','interview_date','2026-03-28')),
(24,'2026-03-24','Rejected','v2',TRUE,JSON_OBJECT('response_date','2026-03-26','interview_date',NULL)),
(25,'2026-03-25','Offer','v3',TRUE,JSON_OBJECT('response_date','2026-03-27','interview_date','2026-03-30'));

INSERT INTO contacts (company_id, contact_name, title, email, phone, linkedin_url, notes) VALUES
(1,'Alice Johnson','Recruiter','alice@technova.com','111-111-1111','linkedin.com/alice','HR'),
(2,'Bob Smith','Manager','bob@health.com','222-222-2222','linkedin.com/bob','Manager'),
(3,'Carol Lee','CTO','carol@finedge.com','333-333-3333','linkedin.com/carol','CTO'),
(4,'David Kim','Lead','david@grid.com','444-444-4444','linkedin.com/david','Lead'),
(5,'Eva Green','HR','eva@cloud.com','555-555-5555','linkedin.com/eva','HR'),
(6,'Frank Hall','Manager','frank@data.com','666-666-6666','linkedin.com/frank','Mgr'),
(7,'Grace Park','Analyst','grace@secure.com','777-777-7777','linkedin.com/grace','Analyst'),
(8,'Henry Adams','Designer','henry@edu.com','888-888-8888','linkedin.com/henry','UX'),
(9,'Ivy Chen','Dev','ivy@retail.com','999-999-9999','linkedin.com/ivy','Frontend'),
(10,'Jack Brown','Engineer','jack@auto.com','101-101-1010','linkedin.com/jack','AI'),
(11,'Karen White','Scientist','karen@bio.com','202-202-2020','linkedin.com/karen','Lab'),
(12,'Leo Black','Editor','leo@media.com','303-303-3030','linkedin.com/leo','Media'),
(13,'Mia Wong','Analyst','mia@logi.com','404-404-4040','linkedin.com/mia','Logistics'),
(14,'Noah Scott','Agent','noah@travel.com','505-505-5050','linkedin.com/noah','Travel'),
(15,'Olivia King','Analyst','olivia@agri.com','606-606-6060','linkedin.com/olivia','Agri'),
(16,'Paul Young','Manager','paul@food.com','707-707-7070','linkedin.com/paul','Food'),
(17,'Quinn Fox','Dev','quinn@game.com','808-808-8080','linkedin.com/quinn','Game'),
(18,'Ryan Hill','Marketer','ryan@ads.com','909-909-9090','linkedin.com/ryan','Marketing'),
(19,'Sara Stone','Legal','sara@legal.com','111-222-3333','linkedin.com/sara','Legal'),
(20,'Tom Baker','Manager','tom@build.com','222-333-4444','linkedin.com/tom','Build'),
(21,'Uma Reed','Analyst','uma@ocean.com','333-444-5555','linkedin.com/uma','Marine'),
(22,'Victor Cruz','Engineer','victor@sky.com','444-555-6666','linkedin.com/victor','Aero'),
(23,'Wendy Park','Coach','wendy@fit.com','555-666-7777','linkedin.com/wendy','Fitness'),
(24,'Xander Cole','Assistant','xander@pet.com','666-777-8888','linkedin.com/xander','Vet'),
(25,'Yara Diaz','Scientist','yara@clean.com','777-888-9999','linkedin.com/yara','Env');
